"MAIL","NAME","FIRSTNAME","GENDER","BIRTH_DAY","BIRTH_MONTH","BIRTH_YEAR","STREET","POSTALCODE","CITY","PROVINCE","COUNTRY","PHONE","USERNAME"
"user_ZALpgTAckMnTXoBL@ZALpgT.com","ZALpgTAckM","ZALpgTAc","f","20","","1983","ZALpgTAckMnTXoBLTYrOnurXIcjUFL","","ql52flsz2jj","","","[{""number"":""ZALpgTAck""},{""number"":""ZALpgTAck""},{""number"":""ZALpgTAck""}]","ZALpgTAckMnTXoBLTYrO"
"user_VraTMFvVcXjmZIib@VraTMF.com","VraTMFvVcX","VraTMFvV","f","27","","1985","VraTMFvVcXjmZIiburiEYBNjPQvAZA","","bkl3cmyytnm","","","[{""number"":""VraTMFvVc""},{""number"":""VraTMFvVc""},{""number"":""VraTMFvVc""}]","VraTMFvVcXjmZIiburiE"
"user_TpOvalwYLiNHZupG@TpOval.com","TpOvalwYLi","TpOvalwY","f","18","","1983","TpOvalwYLiNHZupGOcokIQuLFqapDl","","","","","[{""number"":""TpOvalwYL""},{""number"":""TpOvalwYL""},{""number"":""TpOvalwYL""}]","TpOvalwYLiNHZupGOcok"
"user_bMtAGEOGmGqjOofA@bMtAGE.com","bMtAGEOGmG","bMtAGEOG","f","15","","1985","bMtAGEOGmGqjOofAiBMYUBSHEsGeKh","","","","","[{""number"":""bMtAGEOGm""},{""number"":""bMtAGEOGm""},{""number"":""bMtAGEOGm""}]","bMtAGEOGmGqjOofAiBMY"
"user_UBSswEBjEbBHMtbV@UBSswE.com","UBSswEBjEb","UBSswEBj","f","1","1","1972","UBSswEBjEbBHMtbVAyzZeuLXvmEmjL","","3umbf4oueeh","","","[{""number"":""UBSswEBjE""},{""number"":""UBSswEBjE""},{""number"":""UBSswEBjE""}]","UBSswEBjEbBHMtbVAyzZ"
"user_oDoTQntyGUQqypMT@oDoTQn.com","oDoTQntyGU","oDoTQnty","f","5","5","1974","oDoTQntyGUQqypMToJbEDakOXOvMEJ","","dtfuok0oram","","","[{""number"":""oDoTQntyG""},{""number"":""oDoTQntyG""},{""number"":""oDoTQntyG""}]","oDoTQntyGUQqypMToJbE"
"user_RrKjfIFvGmLpSOzN@RrKjfI.com","RrKjfIFvGm","RrKjfIFv","m","12","12","1967","RrKjfIFvGmLpSOzNEYzjadsHIvKfbw","","ieikvn4c2fp","","","[{""number"":""RrKjfIFvG""},{""number"":""RrKjfIFvG""},{""number"":""RrKjfIFvG""}]","RrKjfIFvGmLpSOzNEYzj"
"user_uJHQjuyAcGkEHCOX@uJHQju.com","uJHQjuyAcG","uJHQjuyA","f","13","","1978","uJHQjuyAcGkEHCOXACkkKhbdSqsCjD","","a1vollcmyvi","","","[{""number"":""uJHQjuyAc""},{""number"":""uJHQjuyAc""},{""number"":""uJHQjuyAc""}]","uJHQjuyAcGkEHCOXACkk"
"user_wVpbJgMfeAnUyCrN@wVpbJg.com","wVpbJgMfeA","wVpbJgMf","f","23","","1987","wVpbJgMfeAnUyCrNPfFuroCMOGQMoZ","","erqr0q4bj1d","","","[{""number"":""wVpbJgMfe""},{""number"":""wVpbJgMfe""},{""number"":""wVpbJgMfe""}]","wVpbJgMfeAnUyCrNPfFu"
"user_qXRPWzESpOnskGZw@qXRPWz.com","qXRPWzESpO","qXRPWzES","","","","","qXRPWzESpOnskGZwTyDjYMLpvvsSue","","","","","[{""number"":""qXRPWzESp""},{""number"":""qXRPWzESp""},{""number"":""qXRPWzESp""}]","qXRPWzESpOnskGZwTyDj"
